Designator,Mid X,Mid Y,Layer,Rotation
J1,5.000mm,189.000mm,Top,270
Q1,14.450mm,192.100mm,Top,90
Q2,17.700mm,192.100mm,Top,90
D111,8.900mm,157.875mm,Top,0
D112,8.900mm,153.575mm,Top,0
D113,17.400mm,158.575mm,Top,0
D114,17.400mm,156.775mm,Top,0
Q111,12.900mm,153.575mm,Top,0
Q112,12.900mm,157.875mm,Top,0
D121,8.900mm,165.275mm,Top,0
D122,8.900mm,160.975mm,Top,0
D123,17.400mm,165.975mm,Top,0
D124,17.400mm,164.175mm,Top,0
Q121,12.900mm,160.975mm,Top,0
Q122,12.900mm,165.275mm,Top,0
D131,8.900mm,172.675mm,Top,0
D132,8.900mm,168.375mm,Top,0
D133,17.400mm,173.375mm,Top,0
D134,17.400mm,171.575mm,Top,0
Q131,12.900mm,168.375mm,Top,0
Q132,12.900mm,172.675mm,Top,0
D141,8.900mm,116.825mm,Top,0
D142,8.900mm,112.525mm,Top,0
D143,17.400mm,117.525mm,Top,0
D144,17.400mm,115.725mm,Top,0
Q141,12.900mm,112.525mm,Top,0
Q142,12.900mm,116.825mm,Top,0
D151,8.900mm,146.425mm,Top,0
D152,8.900mm,142.125mm,Top,0
D153,17.400mm,147.125mm,Top,0
D154,17.400mm,145.325mm,Top,0
Q151,12.900mm,142.125mm,Top,0
Q152,12.900mm,146.425mm,Top,0
D161,8.900mm,139.025mm,Top,0
D162,8.900mm,134.725mm,Top,0
D163,17.400mm,139.725mm,Top,0
D164,17.400mm,137.925mm,Top,0
Q161,12.900mm,134.725mm,Top,0
Q162,12.900mm,139.025mm,Top,0
D171,8.900mm,131.625mm,Top,0
D172,8.900mm,127.325mm,Top,0
D173,17.400mm,132.325mm,Top,0
D174,17.400mm,130.525mm,Top,0
Q171,12.900mm,127.325mm,Top,0
Q172,12.900mm,131.625mm,Top,0
D181,8.900mm,124.225mm,Top,0
D182,8.900mm,119.925mm,Top,0
D183,17.400mm,124.925mm,Top,0
D184,17.400mm,123.125mm,Top,0
Q181,12.900mm,119.925mm,Top,0
Q182,12.900mm,124.225mm,Top,0
D191,8.900mm,57.875mm,Top,0
D192,8.900mm,53.575mm,Top,0
D193,17.400mm,58.575mm,Top,0
D194,17.400mm,56.775mm,Top,0
Q191,12.900mm,53.575mm,Top,0
Q192,12.900mm,57.875mm,Top,0
D201,8.900mm,65.275mm,Top,0
D202,8.900mm,60.975mm,Top,0
D203,17.400mm,65.975mm,Top,0
D204,17.400mm,64.175mm,Top,0
Q201,12.900mm,60.975mm,Top,0
Q202,12.900mm,65.275mm,Top,0
D211,8.900mm,9.425mm,Top,0
D212,8.900mm,5.125mm,Top,0
D213,17.400mm,10.125mm,Top,0
D214,17.400mm,8.325mm,Top,0
Q211,12.900mm,5.125mm,Top,0
Q212,12.900mm,9.425mm,Top,0
D221,8.900mm,16.825mm,Top,0
D222,8.900mm,12.525mm,Top,0
D223,17.400mm,17.525mm,Top,0
D224,17.400mm,15.725mm,Top,0
Q221,12.900mm,12.525mm,Top,0
Q222,12.900mm,16.825mm,Top,0
D231,8.900mm,46.425mm,Top,0
D232,8.900mm,42.125mm,Top,0
D233,17.400mm,47.125mm,Top,0
D234,17.400mm,45.325mm,Top,0
Q231,12.900mm,42.125mm,Top,0
Q232,12.900mm,46.425mm,Top,0
D241,8.900mm,39.025mm,Top,0
D242,8.900mm,34.725mm,Top,0
D243,17.400mm,39.725mm,Top,0
D244,17.400mm,37.925mm,Top,0
Q241,12.900mm,34.725mm,Top,0
Q242,12.900mm,39.025mm,Top,0
D251,8.900mm,31.625mm,Top,0
D252,8.900mm,27.325mm,Top,0
D253,17.400mm,32.325mm,Top,0
D254,17.400mm,30.525mm,Top,0
Q251,12.900mm,27.325mm,Top,0
Q252,12.900mm,31.625mm,Top,0
D261,8.900mm,24.225mm,Top,0
D262,8.900mm,19.925mm,Top,0
D263,17.400mm,24.925mm,Top,0
D264,17.400mm,23.125mm,Top,0
Q261,12.900mm,19.925mm,Top,0
Q262,12.900mm,24.225mm,Top,0
U6,2.300mm,103.275mm,Top,90
U1,10.000mm,106.375mm,Top,0
U2,10.000mm,97.775mm,Top,0
U5,5.000mm,78.775mm,Top,0
U7,12.600mm,78.775mm,Top,0
U8,5.000mm,72.975mm,Top,0
D3,11.900mm,187.625mm,Top,90
LD1,24.500mm,195.500mm,Top,0
LD2,65.500mm,154.500mm,Top,180
LD3,74.500mm,195.500mm,Top,0
LD4,115.500mm,154.500mm,Top,180
LD5,124.500mm,195.500mm,Top,0
LD6,165.500mm,154.500mm,Top,180
LD7,174.500mm,195.500mm,Top,180
LD8,215.500mm,154.500mm,Top,0
LD9,174.500mm,145.500mm,Top,180
LD10,215.500mm,104.500mm,Top,0
LD11,124.500mm,145.500mm,Top,180
LD12,165.500mm,104.500mm,Top,0
LD13,74.500mm,145.500mm,Top,180
LD14,115.500mm,104.500mm,Top,0
LD15,24.500mm,145.500mm,Top,180
LD16,65.500mm,104.500mm,Top,0
LD17,24.500mm,95.500mm,Top,0
LD18,65.500mm,54.500mm,Top,180
LD19,74.500mm,95.500mm,Top,0
LD20,115.500mm,54.500mm,Top,180
LD21,124.500mm,95.500mm,Top,0
LD22,165.500mm,54.500mm,Top,180
LD23,174.500mm,95.500mm,Top,180
LD24,215.500mm,54.500mm,Top,0
LD25,174.500mm,45.500mm,Top,180
LD26,215.500mm,4.500mm,Top,0
LD27,124.500mm,45.500mm,Top,180
LD28,165.500mm,4.500mm,Top,0
LD29,74.500mm,45.500mm,Top,180
LD30,115.500mm,4.500mm,Top,0
LD31,24.500mm,45.500mm,Top,180
LD32,65.500mm,4.500mm,Top,0
